date,commit hash,build number,result
2020-04-10,cce41521833a76b9602755ae1374031858789f9c,100,pass
2020-04-11,cce41521833a76b9602755ae1374031858789f9c,101,fail
2020-04-12,cce41521833a76b9602755ae1374031858789f9c,102,pass
2020-04-13,cce41521833a76b9602755ae1374031858789f9c,103,pass
2020-04-14,cce41521833a76b9602755ae1374031858789f9c,104,pass
2020-04-15,cce41521833a76b9602755ae1374031858789f9c,105,pass
2020-04-16,cce41521833a76b9602755ae1374031858789f9c,106,pass
2020-04-17,cce41521833a76b9602755ae1374031858789f9c,107,pass
2020-04-18,cce41521833a76b9602755ae1374031858789f9c,108,pass
